{
  "loss": [
    3.51701021194458, 2.678220272064209, 2.558419704437256, 2.474487781524658,
    2.4248149394989014, 2.3855769634246826, 2.3578543663024902,
    2.333003520965576, 2.3074774742126465, 2.2815845012664795,
    2.254099130630493, 2.2140088081359863, 2.1635499000549316,
    2.113069534301758, 2.061704397201538, 2.0155186653137207,
    1.9648927450180054, 1.9117785692214966, 1.8634189367294312,
    1.8139019012451172, 1.7565394639968872, 1.6931581497192383,
    1.6265944242477417, 1.5660983324050903, 1.5050694942474365,
    1.443427562713623, 1.3834749460220337, 1.3243376016616821,
    1.2686485052108765, 1.213720679283142, 1.159226655960083, 1.106535792350769,
    1.0573936700820923, 1.0135446786880493, 0.9667294025421143,
    0.9191480278968811, 0.8743590712547302, 0.8306617140769958,
    0.7893422842025757, 0.750816822052002, 0.7186553478240967,
    0.6800219416618347, 0.6449689865112305, 0.6113938689231873,
    0.5812767744064331, 0.5527865290641785, 0.5277790427207947,
    0.5012816190719604, 0.47752514481544495, 0.45416074991226196,
    0.4316779375076294, 0.4085192382335663, 0.3868919909000397,
    0.3644115924835205, 0.3424863815307617, 0.3216472268104553,
    0.30432674288749695, 0.29059600830078125, 0.28041329979896545,
    0.26776134967803955, 0.25491833686828613, 0.23926664888858795,
    0.22669516503810883, 0.21327580511569977, 0.20229211449623108,
    0.18964076042175293, 0.18159079551696777, 0.17016726732254028,
    0.15936700999736786, 0.15185239911079407, 0.1455945372581482,
    0.14491890370845795, 0.13874951004981995, 0.1307888925075531,
    0.12431496381759644, 0.11550496518611908, 0.10737808793783188,
    0.10165173560380936, 0.0978349968791008, 0.09316945821046829,
    0.09006001800298691, 0.0871126726269722, 0.08520414680242538,
    0.08110196888446808, 0.07971782982349396, 0.07833246141672134,
    0.07964738458395004, 0.08269724249839783, 0.07516378909349442,
    0.0661274790763855, 0.0581214614212513, 0.052649419754743576,
    0.0510731041431427, 0.04725144803524017, 0.0458255261182785,
    0.047126464545726776, 0.05134257674217224, 0.06072595342993736,
    0.06885260343551636, 0.07807417213916779
  ],
  "val_loss": [
    2.775393486022949, 2.620839834213257, 2.5586941242218018,
    2.5477473735809326, 2.544583797454834, 2.5507302284240723,
    2.563938856124878, 2.5607712268829346, 2.5777359008789062,
    2.5795414447784424, 2.5825839042663574, 2.5659847259521484,
    2.5420055389404297, 2.538701057434082, 2.525155544281006, 2.517940044403076,
    2.521475076675415, 2.5268003940582275, 2.494807243347168,
    2.4815924167633057, 2.4554507732391357, 2.442436695098877,
    2.4446353912353516, 2.4338085651397705, 2.4273746013641357,
    2.431210994720459, 2.424408435821533, 2.4242842197418213,
    2.4194297790527344, 2.4182305335998535, 2.4325644969940186,
    2.426410436630249, 2.4418561458587646, 2.445889711380005,
    2.4562575817108154, 2.4617481231689453, 2.4734373092651367,
    2.490053176879883, 2.498335123062134, 2.5076358318328857, 2.522299289703369,
    2.5236799716949463, 2.554119110107422, 2.552663564682007, 2.577868938446045,
    2.5830252170562744, 2.597402572631836, 2.6092159748077393,
    2.6223857402801514, 2.6427035331726074, 2.6481733322143555,
    2.666186571121216, 2.6707537174224854, 2.680614709854126,
    2.6998236179351807, 2.7152109146118164, 2.733025074005127,
    2.7364981174468994, 2.764321804046631, 2.776715040206909,
    2.7797977924346924, 2.8074159622192383, 2.814685106277466,
    2.827460765838623, 2.844148874282837, 2.839745044708252, 2.869823694229126,
    2.8720779418945312, 2.885495185852051, 2.910757303237915, 2.91611909866333,
    2.9240126609802246, 2.9329419136047363, 2.9537596702575684,
    2.9782278537750244, 2.9700419902801514, 2.9935126304626465,
    2.9993274211883545, 3.0036375522613525, 3.0234694480895996,
    3.0205681324005127, 3.0445785522460938, 3.047581434249878,
    3.0534138679504395, 3.0618252754211426, 3.080927848815918,
    3.090723991394043, 3.0819082260131836, 3.1034486293792725, 3.10854434967041,
    3.125830888748169, 3.1312918663024902, 3.1310856342315674,
    3.144798994064331, 3.15262770652771, 3.1740763187408447, 3.16117525100708,
    3.166832208633423, 3.195272922515869, 3.187166690826416
  ]
}
