{"loss": [4.12386417388916, 3.20015287399292, 3.0583927631378174, 2.9654901027679443, 2.9065983295440674, 2.8608062267303467, 2.8193323612213135, 2.7770020961761475, 2.727670907974243, 2.658295154571533, 2.5815224647521973, 2.5103695392608643, 2.4458775520324707, 2.3816120624542236, 2.3190436363220215, 2.254307270050049, 2.1862659454345703, 2.1207127571105957, 2.048717498779297, 1.979002833366394, 1.9077825546264648, 1.833662986755371, 1.7578526735305786, 1.6840978860855103, 1.6130412817001343, 1.5444705486297607, 1.4739645719528198, 1.404840111732483, 1.3387153148651123, 1.2774115800857544, 1.2176568508148193, 1.1595509052276611, 1.1018242835998535, 1.0491639375686646, 0.994227409362793, 0.9419733881950378, 0.8922483325004578, 0.8452786207199097, 0.7982289791107178, 0.7557758092880249, 0.7146884202957153, 0.6780276298522949, 0.6425042152404785, 0.6025214791297913, 0.5617830753326416, 0.5311098694801331, 0.5029751062393188, 0.4769171476364136, 0.44945433735847473, 0.4249826967716217, 0.39889416098594666, 0.3729412853717804, 0.35340338945388794, 0.3301929533481598, 0.30960914492607117, 0.2923952043056488, 0.2777564227581024, 0.26312315464019775, 0.24340440332889557, 0.22871817648410797, 0.21483851969242096, 0.19871939718723297, 0.1849069893360138, 0.17288783192634583, 0.1620274782180786, 0.15298733115196228, 0.14510217308998108, 0.14055493474006653, 0.13868722319602966, 0.13577967882156372, 0.12985055148601532, 0.12110119313001633, 0.11048288643360138, 0.10027853399515152, 0.09182465076446533, 0.08446137607097626, 0.07755185663700104, 0.0713355541229248, 0.06761988252401352, 0.06655333936214447, 0.06950946897268295, 0.07782916724681854, 0.10320738703012466, 0.11601738631725311, 0.09700300544500351, 0.07482727617025375, 0.058217182755470276, 0.04882899299263954, 0.04421449825167656, 0.04092502221465111, 0.03891647234559059, 0.037611205130815506, 0.03662131726741791, 0.03600014001131058, 0.03601885214447975, 0.035540178418159485, 0.03618661314249039, 0.037396904081106186, 0.04541286081075668, 0.09497012197971344], "val_loss": [3.3781931400299072, 3.178910732269287, 3.12929630279541, 3.11716890335083, 3.1175687313079834, 3.1240077018737793, 3.1223931312561035, 3.1272857189178467, 3.102935314178467, 3.1105406284332275, 3.062744140625, 3.068044424057007, 3.0662879943847656, 3.0488100051879883, 3.0358188152313232, 3.0374503135681152, 3.0079972743988037, 3.018308639526367, 2.995971202850342, 2.997814416885376, 2.9665191173553467, 2.959617853164673, 2.950061559677124, 2.9413363933563232, 2.9490888118743896, 2.9306066036224365, 2.950913190841675, 2.9460971355438232, 2.951723575592041, 2.951828956604004, 2.949979543685913, 2.9681217670440674, 2.9851012229919434, 2.988218307495117, 3.0080771446228027, 3.0114426612854004, 3.015125036239624, 3.0304603576660156, 3.0456929206848145, 3.045337200164795, 3.07110595703125, 3.0856828689575195, 3.106621265411377, 3.1219725608825684, 3.1250038146972656, 3.142430305480957, 3.1424598693847656, 3.1647591590881348, 3.172030448913574, 3.2094790935516357, 3.2054717540740967, 3.221303939819336, 3.2175865173339844, 3.2281885147094727, 3.2651360034942627, 3.2633914947509766, 3.2978506088256836, 3.2967846393585205, 3.3084070682525635, 3.326735734939575, 3.344778060913086, 3.353827476501465, 3.3587989807128906, 3.379563331604004, 3.389653205871582, 3.416571617126465, 3.408581018447876, 3.431429147720337, 3.4418158531188965, 3.462157726287842, 3.460466146469116, 3.4790854454040527, 3.4837169647216797, 3.500875473022461, 3.507059335708618, 3.515841245651245, 3.533151388168335, 3.5401062965393066, 3.5654544830322266, 3.564434051513672, 3.5759665966033936, 3.5812315940856934, 3.5959513187408447, 3.5957999229431152, 3.600454092025757, 3.6084423065185547, 3.622041702270508, 3.633511781692505, 3.641238212585449, 3.6470422744750977, 3.6643571853637695, 3.6667473316192627, 3.686720609664917, 3.688267230987549, 3.6961684226989746, 3.7123401165008545, 3.709970712661743, 3.7000956535339355, 3.742950439453125, 3.7704241275787354]}